"1","1","Усть-Абаканский"
"2","2","Минусинский"
"3","1","Бейский"
"4","1","Алтайский"
"5","2","Краснотуранский"
"6","2","Каратузский"
"7","2","Шушенский"
"8","1","Боградский"
"9","2","Ачинский"
"10","2","Большеулуйский"
"11","2","Назаровский"
"12","2","Боготольский"
"13","2","Козульский"
"14","2","Шарыповский"
"15","3","Алданский"
"16","4","Центральный"
"17","4","Адлерский"
"18","4","Лазаревский"
"19","4","Хостинский"
"20","5","Альметьевский"
"21","5","Азнакаевский"
"22","5","Бугульминский"
"23","5","Сармановский"
"24","5","Лениногорский"
"25","5","Муслюмовский"
"26","5","Заинский"
"27","6","Шенталинский"
"28","5","Черемшанский"
"29","5","Аксубаевский"
"30","5","Нурлатский"
"31","7","Ковдорский"
"32","7","Терский"
"33","8","Приморский"
"34","4","Отрадненский"
"35","4","Успенский"
"36","4","Новокубанский"
"37","4","Курганинский"
"38","4","Армавир"
"39","4","Гулькевичский"
"40","4","Лабинский"
"41","9","Новоалександровский"
"42","4","Кавказский"
"43","10","Красноярский"
"44","10","Камызякский"
"45","10","Володарский"
"46","10","Икрянинский"
"47","10","Приволжский"
"48","10","Лиманский"
"49","10","Наримановский"
"50","10","Енотаевский"
"51","11","Арзамасский"
"52","11","Шатковский"
"53","11","Лукояновский"
"54","11","Ардатовский"
"55","11","Перевозский"
"56","11","Дальнеконстантиновский"
"57","11","Вадский"
"58","11","Кулебакский"
"59","11","Бутурлинский"
"60","11","Дивеевский"
"61","12","Первомайский"
"62","12","Павловский"
"63","12","Калманский"
"64","12","Косихинский"
"65","12","Троицкий"
"66","12","Топчихинский"
"67","12","Заринский"
"68","12","Тальменский"
"69","13","Биробиджанский"
"70","14","Боровичский"
"71","14","Окуловский"
"72","15","Бологовский"
"73","14","Мошенской"
"74","14","Любытинский"
"75","14","Валдайский"
"76","14","Хвойнинский"
"77","14","Пестовский"
"78","16","Борисовский"
"79","16","Белгородский"
"80","16","Грайворонский"
"81","16","Шебекинский"
"82","16","Новооскольский"
"83","16","Ракитянский"
"84","16","Прохоровский"
"85","16","Яковлевский"
"86","16","Корочанский"
"87","16","Ивнянский"
"88","16","Чернянский"
"89","16","Волоконовский"
"90","16","Краснояружский"
"91","16","Красногвардейский"
"92","17","Октябрьский"
"93","17","Завитинский"
"94","17","Ивановский"
"95","17","Тамбовский"
"96","17","Серышевский"
"97","17","Благовещенский"
"98","17","Белогорский"
"99","18","Балашовский"
"100","18","Романовский"
"101","18","Аркадакский"
"102","18","Турковский"
"103","18","Ртищевский"
"104","19","Борисоглебский"
"105","20","Урюпинский"
"106","20","Новониколаевский"
"107","19","Поворинский"
"108","19","Грибановский"
"109","18","Калининский"
"110","12","Смоленский"
"111","12","Бийский"
"112","12","Красногорский"
"113","12","Зональный"
"114","12","Целинный"
"115","12","Советский"
"116","12","Алтайский"
"117","12","Быстроистокский"
"118","12","Солтонский"
"119","18","Балаковский"
"120","18","Вольский"
"121","18","Хвалынский"
"122","18","Пугачевский"
"123","18","Краснопартизанский"
"124","18","Духовницкий"
"125","18","Перелюбский"
"126","18","Ивантеевский"
"127","18","Марксовский"
"128","18","Ершовский"
"129","21","Карачевский"
"130","21","Выгоничский"
"131","21","Брянский"
"132","21","Дятьковский"
"133","21","Жуковский"
"134","22","Людиновский"
"135","21","Навлинский"
"136","21","Почепский"
"137","21","Жирятинский"
"138","21","Трубчевский"
"139","21","Дубровский"
"140","23","Усольский"
"141","23","Чердынский"
"142","23","Красновишерский"
"143","23","Соликамский"
"144","24","Братский"
"145","25","Бузулукский"
"146","25","Тоцкий"
"147","25","Грачевский"
"148","25","Сорочинский"
"149","25","Первомайский"
"150","25","Курманаевский"
"151","25","Бугурусланский"
"152","25","Асекеевский"
"153","25","Красногвардейский"
"154","26","Аргаяшский"
"155","26","Сосновский"
"156","26","Красноармейский"
"157","26","Еткульский"
"158","26","Челябинск"
"159","26","Коркинский"
"160","26","Кунашакский"
"161","26","Каслинский"
"162","27","Читинский"
"163","27","Улетовский"
"164","28","Воткинский"
"165","23","Куединский"
"166","23","Бардымский"
"167","23","Осинский"
"168","23","Еловский"
"169","23","Чернушинский"
"170","29","Зеленчукский"
"171","29","Прикубанский"
"172","29","Усть-Джегутинский"
"173","29","Адыге-Хабльский"
"174","29","Карачаевский"
"175","29","Малокарачаевский"
"176","29","Хабезский"
"177","29","Ногайский"
"178","29","Абазинский"
"179","30","Вурнарский"
"180","30","Чебоксарский"
"181","30","Канашский"
"182","31","Горномарийский"
"183","30","Мариинско-Посадский"
"184","30","Моргаушский"
"185","30","Цивильский"
"186","30","Ядринский"
"187","30","Урмарский"
"188","30","Красноармейский"
"189","30","Аликовский"
"190","30","Козловский"
"191","31","Звениговский"
"192","32","Череповецкий"
"193","32","Кадуйский"
"194","32","Устюженский"
"195","32","Шекснинский"
"196","32","Белозерский"
"197","23","Лысьвенский"
"198","23","Горнозаводский"
"199","23","Чусовской"
"200","33","Анадырский"
"201","34","Елецкий"
"202","34","Долгоруковский"
"203","34","Тербунский"
"204","34","Воловский"
"205","34","Становлянский"
"206","34","Измалковский"
"207","35","Ливенский"
"208","36","Ефремовский"
"209","36","Каменский"
"210","34","Задонский"
"211","34","Краснинский"
"212","35","Новодеревеньковский"
"213","35","Краснозоренский"
"214","35","Верховский"
"215","37","Приютненский"
"216","37","Ики-Бурульский"
"217","38","Ремонтненский"
"218","37","Кетченеровский"
"219","37","Целинный"
"220","37","Яшкульский"
"221","1","Таштыпский"
"222","25","Абдулинский"
"223","27","Агинский"
"224","39","Усть-Вымский"
"225","3","Мирнинский"
"226","40","Гагаринский"
"227","27","Чернышевский"
"228","2","Иланский"
"229","41","Акушинский"
"230","42","Чучковский"
"231","4","Приморско-Ахтарский"
"232","12","Мамонтовский"
"233","43","Александровск-Сахалинский"
"234","44","Беломорский"
"235","45","Пачелмский"
"236","24","Киренский"
"237","46","Аскинский"
"238","24","Нижнеудинский"
"239","28","Алнашский"
"240","3","Амгинский"
"241","17","Тындинский"
"242","38","Верхнедонской"
"243","2","Богучанский"
"244","42","Рязанский"
"245","9","Нефтекумский"
"246","38","Чертковский"
"247","3","Нюрбинский"
"248","47","Ольгинский"
"249","22","Спас-Деменский"
"250","9","Арзгирский"
"251","48","Нолинский"
"252","49","Ирбитский"
"253","49","Артинский"
"254","50","Турочакский"
"255","19","Аннинский"
"256","17","Архаринский"
"257","41","Кизлярский"
"258","51","Имени Лазо"
"259","48","Афанасьевский"
"260","51","Аяно-Майский"
"261","32","Бабаевский"
"262","52","Баганский"
"263","2","Байкитский"
"264","46","Баймакский"
"265","19","Бутурлиновский"
"266","24","Балаганский"
"267","24","Бодайбинский"
"268","54","Абатский"
"269","27","Балейский"
"270","38","Милютинский"
"271","45","Башмаковский"
"272","45","Бековский"
"273","42","Ермишинский"
"274","3","Абыйский"
"275","20","Фроловский"
"276","41","Дербентский"
"277","55","Николаевский"
"278","40","Вяземский"
"279","9","Апанасенковский"
"280","15","Бельский"
"281","56","Верхнекетский"
"282","8","Мирный"
"283","8","Устьянский"
"284","8","Виноградовский"
"285","48","Юрьянский"
"286","44","Лахденпохский"
"287","51","Бикинский"
"288","24","Тайшетский"
"289","3","Томпонский"
"290","58","Пуровский"
"291","52","Краснозерский"
"292","2","Курагинский"
"293","2","Большемуртинский"
"294","59","Большереченский"
"295","16","Вейделевский"
"296","34","Лебедянский"
"297","19","Рамонский"
"298","27","Борзинский"
"299","55","Павловский"
"300","41","Ботлихский"
"301","26","Брединский"
"302","60","Брейтовский"
"303","60","Гаврилов-Ямский"
"304","42","Кораблинский"
"305","42","Александро-Невский (Новодеревенский)"
"306","17","Бурейский"
"307","15","Вышневолоцкий"
"308","61","Павинский"
"309","26","Варненский"
"310","8","Вельский"
"311","62","Белоярский"
"312","10","Ахтубинский"
"313","12","Усть-Калманский"
"314","3","Кобяйский"
"315","49","Алапаевский"
"316","18","Самойловский"
"317","49","Нижнесергинский"
"318","45","Кузнецкий"
"319","49","Верхотурский"
"320","12","Суетский"
"321","1","Аскизский"
"322","27","Тунгокоченский"
"323","15","Весьегонский"
"324","38","Шолоховский"
"325","18","Базарно-Карабулакский"
"326","9","Петровский"
"327","63","Подпорожский"
"328","64","Хасынский"
"329","47","Красноармейский"
"330","32","Грязовецкий"
"331","39","Вуктыльский"
"332","47","Черниговский"
"333","42","Сасовский"
"334","32","Вытегорский"
"335","47","Хасанский"
"336","3","Олекминский"
"337","63","Бокситогорский"
"338","38","Зимовниковский"
"339","65","Глушковский"
"340","4","Туапсинский"
"341","52","Черепановский"
"342","66","Неманский"
"343","44","Муезерский"
"344","5","Камско-Устьинский"
"345","47","Кировский"
"346","12","Локтевский"
"347","37","Городовиковский"
"348","36","Кимовский"
"349","26","Кизильский"
"350","24","Аларский"
"351","67","Селенгинский"
"352","15","Осташковский"
"353","47","Дальнегорский"
"354","27","Карымский"
"355","8","Плесецкий"
"356","51","Ульчский"
"357","52","Доволенский"
"358","20","Жирновский"
"359","22","Думиничский"
"360","39","Удорский"
"361","39","Сосногорский"
"362","24","Ольхонский"
"363","19","Новохоперский"
"364","42","Касимовский"
"365","22","Жиздринский"
"366","24","Катангский"
"367","55","Сурский"
"368","49","Пригородный"
"369","24","Жигаловский"
"370","14","Поддорский"
"371","68","Гусь-Хрустальный"
"372","49","Талицкий"
"373","67","Закаменский"
"374","24","Заларинский"
"375","2","Рыбинский"
"376","45","Неверкинский"
"377","54","Вагайский"
"378","9","Левокумский"
"379","3","Усть-Майский"
"380","69","Звериноголовский"
"381","8","Верхнетоемский"
"382","2","Мотыгинский"
"383","45","Земетчинский"
"384","43","Тымовский"
"385","70","Зубово-Полянский"
"386","56","Александровский"
"387","3","Верхнеколымский"
"388","56","Зырянский"
"389","38","Сальский"
"390","71","Карагинский"
"391","2","Туруханский"
"392","2","Дзержинский"
"393","42","Спасский"
"394","44","Олонецкий"
"395","61","Кадыйский"
"396","64","Тенькинский"
"397","72","Себежский"
"398","39","Интинский"
"399","42","Шиловский"
"400","60","Рыбинский"
"401","69","Лебяжьевский"
"402","67","Кабанский"
"403","47","Кавалеровский"
"404","12","Кулундинский"
"405","69","Петуховский"
"406","32","Никольский"
"407","38","Боковский"
"408","12","Каменский"
"409","47","Ханкайский"
"410","38","Цимлянский"
"411","2","Бирилюсский"
"412","52","Карасукский"
"413","56","Каргасокский"
"414","52","Каргатский"
"415","8","Каргопольский"
"416","8","Пинежский"
"417","47","Чугуевский"
"418","47","Михайловский"
"419","44","Кемский"
"420","15","Кесовогорский"
"421","32","Кирилловский"
"422","22","Кировский"
"423","49","Слободо-Туринский"
"424","48","Верхнекамский"
"425","62","Октябрьский"
"426","21","Клетнянский"
"427","52","Сузунский"
"428","12","Ключевский"
"429","65","Пристенский"
"430","2","Кежемский"
"431","8","Мезенский"
"432","39","Койгородский"
"433","37","Черноземельский"
"434","17","Константиновский"
"435","62","Ханты-Мансийский"
"436","71","Олюторский"
"437","71","Елизовский"
"438","2","Казачинский"
"439","20","Котельниковский"
"440","61","Нейский"
"441","67","Джидинский"
"442","20","Котовский"
"443","48","Вятскополянский"
"444","38","Песчанокопский"
"445","38","Зерноградский"
"446","38","Каменский"
"447","27","Ононский"
"448","58","Красноселькупский"
"449","15","Краснохолмский"
"450","32","Вожегодский"
"451","44","Пудожский"
"452","49","Красноуфимский"
"453","26","Ашинский"
"454","68","Петушинский"
"455","24","Куйтунский"
"456","5","Кукморский"
"457","12","Курьинский"
"458","26","Чебаркульский"
"459","52","Купинский"
"460","46","Мечетлинский"
"461","43","Курильский"
"462","3","Вилюйский"
"463","67","Кяхтинский"
"464","33","Чукотский"
"465","37","Лаганский"
"466","48","Уржумский"
"467","47","Пожарский"
"468","23","Кудымкарский"
"469","15","Калязинский"
"470","60","Борисоглебский"
"471","48","Советский"
"472","11","Сеченовский"
"473","9","Туркменский"
"474","20","Иловлинский"
"475","21","Брасовский"
"476","32","Великоустюгский"
"477","42","Шацкий"
"478","36","Суворовский"
"479","48","Лузский"
"480","8","Холмогорский"
"481","24","Казачинско-Ленский"
"482","26","Увельский"
"483","3","Мегино-Кангаласский"
"484","46","Кармаскалинский"
"485","27","Петровск-Забайкальский"
"486","24","Мамско-Чуйский"
"487","46","Учалинский"
"488","61","Мантуровский"
"489","74","Пучежский"
"490","26","Уйский"
"491","46","Белорецкий"
"492","28","Камбарский"
"493","52","Венгеровский"
"494","71","Мильковский"
"495","51","Николаевский"
"496","27","Могочинский"
"497","66","Славский"
"498","43","Ногликский"
"499","62","Кондинский"
"500","20","Старополтавский"
"501","58","Шурышкарский"
"502","2","Ермаковский"
"503","26","Нагайбакский"
"504","44","Сегежский"
"505","61","Поназыревский"
"506","59","Называевский"
"507","3","Намский"
"508","19","Эртильский"
"509","32","Тотемский"
"510","15","Нелидовский"
"511","53","Сунженский"
"512","67","Северо-Байкальский"
"513","62","Сургутский"
"514","20","Алексеевский"
"515","24","Нижнеилимский"
"516","49","Новолялинский"
"517","27","Каларский"
"518","62","Нижневартовский"
"519","20","Новоаннинский"
"520","52","Усть-Таркский"
"521","24","Нукутский"
"522","52","Ордынский"
"523","10","Харабалинский"
"524","55","Мелекесский"
"525","2","Новоселовский"
"526","17","Свободненский"
"527","47","Яковлевский"
"528","5","Новошешминский"
"529","27","Газимуро-Заводский"
"530","51","Верхнебуреинский"
"531","39","Прилузский"
"532","5","Буинский"
"533","46","Дуванский"
"534","8","Няндомский"
"535","16","Старооскольский"
"536","71","Усть-Большерецкий"
"537","15","Старицкий"
"538","18","Озинский"
"539","19","Богучарский"
"540","48","Оричевский"
"541","52","Здвинский"
"542","54","Викуловский"
"543","75","Гавриловский"
"544","64","Омсукчанский"
"545","8","Онежский"
"546","24","Осинский"
"547","73","Беловский"
"548","43","Охинский"
"549","51","Охотский"
"550","69","Щучанский"
"551","47","Шкотовский"
"552","71","Тигильский"
"553","20","Палласовский"
"554","58","Надымский"
"555","56","Парабельский"
"556","21","Комаричский"
"557","33","Чаунский"
"558","18","Дергачевский"
"559","27","Шилкинский"
"560","25","Шарлыкский"
"561","48","Омутнинский"
"562","19","Бобровский"
"563","20","Камышинский"
"564","62","Нефтеюганский"
"565","25","Саракташский"
"566","1","Ширинский"
"567","75","Кирсановский"
"568","42","Рыбновский"
"569","48","Пижанский"
"570","11","Тоншаевский"
"571","44","Питкярантский"
"572","47","Тернейский"
"573","21","Погарский"
"574","47","Пограничный"
"575","54","Армизонский"
"576","55","Инзенский"
"577","43","Поронайский"
"578","47","Лазовский"
"579","27","Приаргунский"
"580","36","Ясногорский"
"581","54","Нижнетавдинский"
"582","14","Демянский"
"583","44","Лоухский"
"584","21","Злынковский"
"585","6","Сергиевский"
"586","49","Ачитский"
"587","74","Кинешемский"
"588","16","Ровеньский"
"589","19","Таловский"
"590","59","Омский"
"591","59","Большеуковский"
"592","48","Арбажский"
"593","59","Русско-Полянский"
"594","65","Суджанский"
"595","38","Волгодонской"
"596","42","Ряжский"
"597","39","Усть-Куломский"
"598","37","Сарпинский"
"599","32","Чагодощенский"
"600","42","Сапожковский"
"601","26","Троицкий"
"602","52","Северный"
"603","23","Сивинский"
"604","2","Северо-Енисейский"
"605","43","Северо-Курильский"
"606","21","Севский"
"607","64","Среднеканский"
"608","15","Селижаровский"
"609","39","Княжпогостский"
"610","64","Ягоднинский"
"611","33","Провиденский"
"612","54","Омутинский"
"613","17","Сковородинский"
"614","54","Сладковский"
"615","67","Бичурский"
"616","43","Смирныховский"
"617","2","Ужурский"
"618","8","Соловецкий"
"619","15","Сонковский"
"620","73","Тисульский"
"621","45","Сосновоборский"
"622","49","Серовский"
"623","47","Спасский"
"624","15","Спировский"
"625","3","Среднеколымский"
"626","59","Муромцевский"
"627","12","Благовещенский"
"628","36","Заокский"
"629","45","Каменский"
"630","21","Суземский"
"631","47","Партизанский"
"632","45","Городищенский"
"633","64","Сусуманский"
"634","40","Сычевский"
"635","40","Ершичский"
"636","58","Тазовский"
"637","67","Муйский"
"638","52","Кочковский"
"639","74","Южский"
"640","40","Ельнинский"
"641","59","Тарский"
"642","32","Тарногский"
"643","52","Татарский"
"644","73","Таштагольский"
"645","19","Терновский"
"646","28","Малопургинский"
"647","18","Новобурасский"
"648","70","Торбеевский"
"649","12","Алейский"
"650","24","Усть-Илимский"
"651","18","Татищевский"
"652","48","Подосиновский"
"653","2","Эвенкийский"
"654","49","Туринский"
"655","50","Онгудайский"
"656","17","Магдагачинский"
"657","25","Тюльганский"
"658","73","Тяжинский"
"659","54","Уватский"
"660","19","Хохольский"
"661","54","Упоровский"
"662","16","Валуйский"
"663","40","Новодугинский"
"664","4","Красноармейский"
"665","38","Миллеровский"
"666","42","Скопинский"
"667","67","Баргузинский"
"668","54","Казанский"
"669","71","Усть-Камчатский"
"670","18","Балтайский"
"671","3","Оймяконский"
"672","24","Усть-Удинский"
"673","39","Усть-Цилемский"
"674","17","Селемджинский"
"675","2","Канский"
"676","15","Фировский"
"677","5","Апастовский"
"678","32","Харовский"
"679","69","Сафакулевский"
"680","51","Солнечный"
"681","38","Советский"
"682","41","Хивский"
"683","46","Зилаирский"
"684","67","Хоринский"
"685","9","Александровский"
"686","28","Можгинский"
"687","41","Чародинский"
"688","75","Ржаксинский"
"689","52","Чановский"
"690","9","Степновский"
"691","3","Нижнеколымский"
"692","12","Егорьевский"
"693","24","Чунский"
"694","3","Чурапчинский"
"695","21","Унечский"
"696","12","Шипуновский"
"697","3","Ленский"
"698","33","Иультинский"
"699","4","Крымский"
"700","51","Амурский"
"701","67","Кижингинский"
"702","36","Веневский"
"703","41","Ногайский"
"704","51","Комсомольский"
"705","34","Грязинский"
"706","46","Салаватский"
"707","24","Усть-Кутский"
"708","58","Ямальский"
"709","2","Енисейский"
"710","27","Оловяннинский"
"711","48","Унинский"
"712","75","Жердевский"
"713","9","Труновский"
"714","13","Облученский"
"715","21","Клинцовский"
"716","43","Южно-Курильский"
"717","46","Гафурийский"
"718","5","Актанышский"
"719","12","Михайловский"
"720","59","Усть-Ишимский"
"721","23","Гайнский"
"722","2","Уярский"
"723","73","Ленинск-Кузнецкий"
"724","5","Ютазинский"
"725","50","Чемальский"
"726","20","Даниловский"
"727","2","Нижнеингашский"
"728","56","Томский"
"729","32","Кичменгско-Городецкий"
"730","12","Угловский"
"731","56","Кривошеинский"
"732","41","Ахвахский"
"733","41","Новолакский"
"734","12","Немецкий Национальный"
"735","15","Западнодвинский"
"736","3","Сунтарский"
"737","15","Максатихинский"
"738","22","Медынский"
"739","4","Ленинградский"
"740","11","Починковский"
"741","42","Ухоловский"
"742","17","Зейский"
"743","8","Ленский"
"744","11","Шахунский"
"745","61","Буйский"
"746","63","Всеволожский"
"747","46","Бурзянский"
"748","62","Березовский"
"749","63","Лодейнопольский"
"750","60","Пошехонский"
"751","55","Радищевский"
"752","43","Томаринский"
"753","68","Гороховецкий"
"754","25","Домбаровский"
"755","44","Калевальский"
"756","20","Нехаевский"
"757","38","Кашарский"
"758","20","Киквидзенский"
"759","32","Вашкинский"
"760","38","Мартыновский"
"761","36","Тепло-Огаревский"
"762","62","Советский"
"763","70","Ковылкинский"
"764","21","Стародубский"
"765","61","Чухломский"
"766","2","Балахтинский"
"767","54","Заводоуковский"
"768","8","Вилегодский"
"769","42","Михайловский"
"770","61","Антроповский"
"771","68","Киржачский"
"772","45","Колышлейский"
"773","47","Хорольский"
"774","46","Бакалинский"
"775","33","Билибинский"
"776","42","Милославский"
"777","49","Пышминский"
"778","60","Любимский"
"779","61","Галичский"
"780","60","Некоузский"
"781","55","Базарносызганский"
"782","49","Тугулымский"
"783","3","Усть-Янский"
"784","41","Курахский"
"785","41","Тарумовский"
"786","41","Кулинский"
"787","15","Торопецкий"
"788","15","Андреапольский"
"789","49","Гаринский"
"790","58","Приуральский"
"791","26","Чесменский"
"792","46","Хайбуллинский"
"793","46","Бижбулякский"
"794","41","Кайтагский"
"795","40","Холм-Жирковский"
"796","54","Ишимский"
"797","20","Еланский"
"798","43","Углегорский"
"799","12","Романовский"
"800","48","Опаринский"
"801","18","Александрово-Гайский"
"802","6","Сызранский"
"803","76","Чаа-Хольский"
"804","16","Алексеевский"
"805","27","Нерчинский"
"806","69","Мокроусовский"
"807","77","Моздокский"
"808","52","Чулымский"
"809","11","Городецкий"
"810","76","Барун-Хемчикский"
"811","49","Камышловский"
"812","41","Гунибский"
"813","48","Слободской"
"814","8","Шенкурский"
"815","39","Троицко-Печорский"
"816","74","Тейковский"
"817","30","Ибресинский"
"818","35","Орловский"
"819","6","Борский"
"820","15","Пеновский"
"821","46","Туймазинский"
"822","46","Мелеузовский"
"823","74","Заволжский"
"824","66","Черняховский"
"825","2","Сухобузимский"
"826","63","Приозерский"
"827","35","Глазуновский"
"828","16","Губкинский"
"829","78","Джанкойский"
"830","5","Елабужский"
"831","4","Кореновский"
"832","29","Урупский"
"833","63","Лужский"
"834","19","Острогожский"
"835","47","Анучинский"
"836","68","Меленковский"
"837","20","Руднянский"
"838","48","Санчурский"
"839","36","Воловский"
"840","78","Черноморский"
"841","38","Пролетарский"
"842","69","Половинский"
"843","19","Россошанский"
"844","66","Правдинский"
"845","25","Переволоцкий"
"846","39","Корткеросский"
"847","20","Кумылженский"
"848","74","Родниковский"
"849","38","Тарасовский"
"850","78","Белогорский"
"851","78","Кировский"
"852","42","Пителинский"
"853","5","Балтасинский"
"854","27","Шелопугинский"
"855","78","Советский"
"856","9","Ипатовский"
"857","65","Рыльский"
"858","28","Глазовский"
"859","17","Михайловский"
"860","66","Гусевский"
"861","63","Гатчинский"
"862","56","Тегульдетский"
"863","28","Увинский"
"864","11","Сергачский"
"865","45","Белинский"
"866","78","Ленинский"
"867","75","Мичуринский"
"868","48","Яранский"
"869","55","Майнский"
"870","25","Сакмарский"
"871","42","Кадомский"
"872","59","Оконешниковский"
"873","40","Сафоновский"
"874","40","Ярцевский"
"875","69","Катайский"
"876","68","Суздальский"
"877","28","Шарканский"
"878","43","Анивский"
"879","28","Игринский"
"880","21","Климовский"
"881","60","Переславский"
"882","41","Карабудахкентский"
"883","41","Хасавюртовский"
"884","11","Уренский"
"885","18","Петровский"
"886","47","Дальнереченский"
"887","35","Покровский"
"888","14","Маловишерский"
"889","15","Бежецкий"
"890","72","Пушкиногорский"
"891","59","Колосовский"
"892","49","Шалинский"
"893","52","Коченевский"
"894","36","Алексинский"
"895","26","Карталинский"
"896","18","Ровенский"
"897","66","Гурьевский"
"898","19","Павловский"
"899","5","Нижнекамский"
"900","23","Октябрьский"
"901","63","Кингисеппский"
"902","69","Далматовский"
"903","59","Крутинский"
"904","59","Павлоградский"
"905","35","Свердловский"
"906","23","Суксунский"
"907","20","Николаевский"
"908","72","Псковский"
"909","65","Кореневский"
"910","67","Мухоршибирский"
"911","49","Режевской"
"912","77","Кировский"
"913","11","Шарангский"
"914","3","Верхоянский"
"915","38","Азовский"
"916","34","Лев-Толстовский"
"917","66","Нестеровский"
"918","79","Шатойский"
"919","46","Миякинский"
"920","12","Волчихинский"
"921","38","Матвеево-Курганский"
"922","5","Мамадышский"
"923","3","Хангаласский"
"924","21","Гордеевский"
"925","6","Похвистневский"
"926","78","Красногвардейский"
"927","78","Нижнегорский"
"928","56","Первомайский"
"929","11","Варнавинский"
"930","35","Малоархангельский"
"931","49","Каменский"
"932","16","Красненский"
"933","36","Киреевский"
"934","2","Саянский"
"935","8","Красноборский"
"936","38","Неклиновский"
"937","28","Якшур-Бодьинский"
"938","78","Сакский"
"939","67","Заиграевский"
"940","45","Камешкирский"
"941","6","Красноармейский"
"942","23","Кунгурский"
"943","25","Кувандыкский"
"944","46","Аургазинский"
"945","12","Краснощёковский"
"946","72","Невельский"
"947","69","Мишкинский"
"948","43","Долинский"
"949","70","Кадошкинский"
"950","41","Докузпаринский"
"951","5","Верхнеуслонский"
"952","55","Тереньгульский"
"953","25","Илекский"
"954","45","Мокшанский"
"955","42","Клепиковский"
"956","38","Тацинский"
"957","20","Суровикинский"
"958","11","Чкаловский"
"959","24","Боханский"
"960","42","Сараевский"
"961","38","Егорлыкский"
"962","12","Шелаболихинский"
"963","2","Партизанский"
"964","73","Мариинский"
"965","19","Верхнехавский"
"966","45","Лопатинский"
"967","35","Сосковский"
"968","70","Рузаевский"
"969","12","Хабарский"
"970","56","Молчановский"
"971","46","Шаранский"
"972","22","Малоярославецкий"
"973","69","Каргапольский"
"974","45","Шемышейский"
"975","68","Судогодский"
"976","34","Хлевенский"
"977","19","Петропавловский"
"978","65","Солнцевский"
"979","45","Малосердобинский"
"980","18","Энгельсский"
"981","22","Перемышльский"
"982","12","Баевский"
"983","68","Камешковский"
"984","51","Хабаровский"
"985","38","Константиновский"
"986","65","Золотухинский"
"987","49","Таборинский"
"988","6","Безенчукский"
"989","22","Ферзиковский"
"990","26","Октябрьский"
"991","9","Шпаковский"
"992","56","Чаинский"
"993","11","Воскресенский"
"994","61","Судиславский"
"995","54","Голышмановский"
"996","14","Батецкий"
"997","9","Грачевский"
"998","72","Островский"
"999","22","Юхновский"
"1000","27","Кыринский"
"1001","37","Юстинский"
"1002","73","Чебулинский"
"1003","24","Зиминский"
"1004","79","Шелковской"
"1005","65","Черемисиновский"
"1006","74","Приволжский"
"1007","46","Бирский"
"1008","59","Таврический"
"1009","38","Красносулинский"
"1010","46","Илишевский"
"1011","54","Тобольский"
"1012","27","Нерчинско-Заводский"
"1013","48","Котельничский"
"1014","66","Краснознаменский"
"1015","5","Кайбицкий"
"1016","41","Унцукульский"
"1017","41","Кумторкалинский"
"1018","75","Тамбовский"
"1019","5","Агрызский"
"1020","46","Федоровский"
"1021","48","Кирово-Чепецкий"
"1022","59","Полтавский"
"1023","12","Поспелихинский"
"1024","34","Данковский"
"1025","56","Колпашевский"
"1026","55","Старокулаткинский"
"1027","18","Аткарский"
"1028","65","Курчатовский"
"1029","21","Суражский"
"1030","19","Лискинский"
"1031","26","Катав-Ивановский"
"1032","77","Алагирский"
"1033","69","Куртамышский"
"1034","32","Междуреченский"
"1035","50","Кош-Агачский"
"1036","64","Ольский"
"1037","63","Киришский"
"1038","31","Моркинский"
"1039","61","Вохомский"
"1040","36","Чернский"
"1041","12","Залесовский"
"1042","4","Павловский"
"1043","38","Семикаракорский"
"1044","5","Зеленодольский"
"1045","52","Тогучинский"
"1046","59","Нижнеомский"
"1047","63","Тосненский"
"1048","74","Палехский"
"1049","46","Зианчуринский"
"1050","41","Сергокалинский"
"1051","4","Брюховецкий"
"1052","48","Нагорский"
"1053","9","Благодарненский"
"1054","19","Подгоренский"
"1055","61","Сусанинский"
"1056","6","Клявлинский"
"1057","3","Усть-Алданский"
"1058","38","Морозовский"
"1059","19","Калачеевский"
"1060","5","Спасский"
"1061","78","Красноперекопский"
"1062","30","Комсомольский"
"1063","40","Краснинский"
"1064","55","Карсунский"
"1065","76","Эрзинский"
"1066","46","Чишминский"
"1067","22","Боровский"
"1068","20","Октябрьский"
"1069","55","Чердаклинский"
"1070","39","Сысольский"
"1071","13","Ленинский"
"1072","27","Хилокский"
"1073","41","Хунзахский"
"1074","72","Новоржевский"
"1075","12","Тюменцевский"
"1076","23","Ильинский"
"1077","25","Александровский"
"1078","48","Зуевский"
"1079","41","Гергебильский"
"1080","4","Динской"
"1081","37","Яшалтинский"
"1082","78","Первомайский"
"1083","12","Змеиногорский"
"1084","75","Никифоровский"
"1085","27","Сретенский"
"1086","45","Тамалинский"
"1087","46","Кугарчинский"
"1088","46","Стерлибашевский"
"1089","30","Янтиковский"
"1090","20","Дубовский"
"1091","69","Притобольный"
"1092","18","Федоровский"
"1093","30","Батыревский"
"1094","59","Черлакский"
"1095","36","Богородицкий"
"1096","12","Рубцовский"
"1097","74","Юрьевецкий"
"1098","68","Ковровский"
"1099","24","Тулунский"
"1100","38","Белокалитвинский"
"1101","22","Жуковский"
"1102","12","Родинский"
"1103","75","Инжавинский"
"1104","68","Юрьев-Польский"
"1105","52","Новосибирский"
"1106","22","Бабынинский"
"1107","30","Красночетайский"
"1108","55","Старомайнский"
"1109","79","Ножай-Юртовский"
"1110","40","Рославльский"
"1111","67","Курумканский"
"1112","49","Байкаловский"
"1113","6","Пестравский"
"1114","79","Курчалоевский"
"1115","27","Красночикойский"
"1116","25","Гайский"
"1117","36","Куркинский"
"1118","27","Дульдургинский"
"1119","38","Обливский"
"1120","25","Октябрьский"
"1121","54","Ярковский"
"1122","19","Репьевский"
"1123","70","Краснослободский"
"1124","65","Дмитриевский"
"1125","56","Бакчарский"
"1126","19","Кантемировский"
"1127","65","Большесолдатский"
"1128","73","Крапивинский"
"1129","75","Моршанский"
"1130","72","Усвятский"
"1131","26","Агаповский"
"1132","55","Вешкаймский"
"1133","28","Кезский"
"1134","11","Вознесенский"
"1135","48","Куменский"
"1136","2","Березовский"
"1137","66","Зеленоградский"
"1138","6","Кинельский"
"1139","36","Щекинский"
"1140","72","Гдовский"
"1141","31","Куженерский"
"1142","65","Советский"
"1143","52","Убинский"
"1144","9","Кочубеевский"
"1145","70","Дубенский"
"1146","4","Тбилисский"
"1147","38","Целинский"
"1148","65","Медвенский"
"1149","20","Серафимовичский"
"1150","39","Ижемский"
"1151","32","Вологодский"
"1152","80","Прохладненский"
"1153","31","Сернурский"
"1154","46","Стерлитамакский"
"1155","40","Починковский"
"1156","15","Калининский"
"1157","14","Холмский"
"1158","19","Верхнемамонский"
"1159","57","Заполярный"
"1160","30","Алатырский"
"1161","74","Ильинский"
"1162","15","Кувшиновский"
"1163","45","Спасский"
"1164","64","Северо-Эвенский"
"1165","18","Новоузенский"
"1166","61","Межевской"
"1167","25","Кваркенский"
"1168","32","Верховажский"
"1169","70","Теньгушевский"
"1170","7","Печенгский"
"1171","24","Черемховский"
"1172","51","Имени Полины Осипенко"
"1173","61","Костромской"
"1174","2","Таймырский Долгано-Ненецкий"
"1175","77","Ирафский"
"1176","61","Кологривский"
"1177","54","Тюменский"
"1178","12","Завьяловский"
"1179","69","Целинный"
"1180","14","Маревский"
"1181","44","Медвежьегорский"
"1182","80","Эльбрусский"
"1183","9","Красногвардейский"
"1184","25","Ясненский"
"1185","6","Приволжский"
"1186","12","Бурлинский"
"1187","52","Чистоозерный"
"1188","3","Булунский"
"1189","17","Ромненский"
"1190","46","Кигинский"
"1191","59","Тевризский"
"1192","54","Сорокинский"
"1193","61","Парфеньевский"
"1194","41","Магарамкентский"
"1195","17","Мазановский"
"1196","15","Сандовский"
"1197","69","Шадринский"
"1198","41","Ахтынский"
"1199","52","Колыванский"
"1200","5","Алькеевский"
"1201","40","Глинковский"
"1202","48","Немский"
"1203","69","Юргамышский"
"1204","25","Адамовский"
"1205","8","Коношский"
"1206","11","Пильнинский"
"1207","48","Кильмезский"
"1208","4","Славянский"
"1209","50","Усть-Коксинский"
"1210","4","Каневский"
"1211","49","Верхнесалдинский"
"1212","32","Нюксенский"
"1213","21","Рогнединский"
"1214","60","Угличский"
"1215","60","Ростовский"
"1216","68","Александровский"
"1217","24","Усольский"
"1218","38","Дубовский"
"1219","32","Бабушкинский"
"1220","60","Первомайский"
"1221","72","Бежаницкий"
"1222","67","Баунтовский эвенкийский"
"1223","15","Жарковский"
"1224","15","Оленинский"
"1225","2","Пировский"
"1226","50","Усть-Канский"
"1227","75","Пичаевский"
"1228","3","Горный"
"1229","24","Эхирит-Булагатский"
"1230","10","Черноярский"
"1231","18","Красноармейский"
"1232","8","Лешуконский"
"1233","43","Макаровский"
"1234","18","Екатериновский"
"1235","33","Шмидтовский"
"1236","69","Шумихинский"
"1237","12","Третьяковский"
"1238","48","Мурашинский"
"1239","46","Куюргазинский"
"1240","18","Краснокутский"
"1241","26","Кусинский"
"1242","11","Гагинский"
"1243","13","Октябрьский"
"1244","19","Панинский"
"1245","5","Мензелинский"
"1246","43","Холмский"
"1247","5","Арский"
"1248","55","Новоспасский"
"1249","48","Шабалинский"
"1250","52","Куйбышевский"
"1251","33","Беринговский"
"1252","11","Тонкинский"
"1253","61","Макарьевский"
"1254","15","Лесной"
"1255","9","Георгиевский"
"1256","11","Кстовский"
"1257","28","Балезинский"
"1258","6","Челно-Вершинский"
"1259","38","Усть-Донецкий"
"1260","60","Даниловский"
"1261","23","Кочевский"
"1262","49","Тавдинский"
"1263","71","Алеутский"
"1264","27","Тунгиро-Олекминский"
"1265","49","Невьянский"
"1266","2","Тасеевский"
"1267","38","Веселовский"
"1268","48","Свечинский"
"1269","70","Большеберезниковский"
"1270","71","Быстринский"
"1271","7","Ловозерский"
"1272","50","Улаганский"
"1273","67","Еравнинский"
"1274","76","Пий-Хемский"
"1275","12","Панкрушихинский"
"1276","12","Петропавловский"
"1277","12","Солонешенский"
"1278","12","Табунский"
"1279","12","Усть-Пристанский"
"1280","12","Чарышский"
"1281","59","Знаменский"
"1282","59","Седельниковский"
"1283","27","Александрово-Заводский"
"1284","27","Акшинский"
"1285","27","Калганский"
"1286","12","Ребрихинский"
"1287","2","Абанский"
"1288","2","Ирбейский"
"1289","52","Кыштовский"
"1290","71","Пенжинский"
"1291","71","Соболевский"
"1292","3","Момский"
"1293","3","Эвено-Бытантайский Национальный"
"1294","3","Анабарский"
"1295","3","Жиганский"
"1296","3","Верхневилюйский"
"1297","3","Оленекский эвенкийский национальный"
"1298","3","Таттинский"
"1299","3","Аллаиховский"
"1300","51","Тугуро-Чумиканский"
"1301","41","Табасаранский"
"1302","41","Левашинский"
"1303","41","Дахадаевский"
"1304","41","Тляратинский"
"1305","41","Шамильский"
"1306","41","Агульский"
"1307","41","Цунтинский"
"1308","41","Гумбетовский"
"1309","41","Рутульский"
"1310","41","Лакский"
"1311","41","Цумадинский"
"1312","20","Клетский"
"1313","19","Воробьевский"
"1314","61","Октябрьский"
"1315","61","Пыщугский"
"1316","61","Солигаличский"
"1317","55","Барышский"
"1318","69","Частоозерский"
"1319","25","Ташлинский"
"1320","48","Тужинский"
"1321","48","Богородский"
"1322","48","Даровской"
"1323","23","Юрлинский"
"1324","23","Косинский"
"1325","45","Вадинский"
"1326","45","Наровчатский"
"1327","54","Юргинский"
"1328","65","Конышевский"
"1329","18","Питерский"
"1330","1","Орджоникидзевский"
"1331","39","Сыктывдинский"
"1332","38","Заветинский"
"1333","27","Краснокаменский"
"1334","22","Хвастовичский"
"1335","41","Буйнакский"
"1336","41","Сулейман-Стальский"
"1337","4","Кущевский"
"1338","4","Щербиновский"
"1339","38","Орловский"
"1340","35","Должанский"
"1341","20","Ленинский"
"1342","20","Чернышковский"
"1343","20","Калачевский"
"1344","15","Удомельский"
"1345","9","Советский"
"1346","9","Курский"
"1347","9","Минераловодский"
"1348","68","Вязниковский"
"1349","24","Баяндаевский"
"1350","26","Нязепетровский"
"1351","11","Краснооктябрьский"
"1352","15","Молоковский"
"1353","44","Суоярвский"
"1354","65","Касторенский"
"1355","49","Артемовский"
"1356","21","Новозыбковский"
"1357","6","Большечерниговский"
"1358","15","Кашинский"
"1359","38","Октябрьский"
"1360","25","Пономаревский"
"1361","19","Каменский"
"1362","41","Бабаюртовский"
"1363","53","Малгобекский"
"1364","54","Исетский"
"1365","20","Ольховский"
"1366","70","Атюрьевский"
"1367","39","Печорский"
"1368","17","Шимановский"
"1369","73","Кемеровский"
"1370","8","Котласский"
"1371","27","Могойтуйский"
"1372","56","Кожевниковский"
"1373","46","Караидельский"
"1374","15","Ржевский"
"1375","11","Воротынский"
"1376","65","Беловский"
"1377","40","Шумячский"
"1378","50","Чойский"
"1379","14","Шимский"
"1380","60","Тутаевский"
"1381","9","Буденновский"
"1382","48","Верхошижемский"
"1383","61","Шарьинский"
"1384","48","Сунский"
"1385","61","Нерехтский"
"1386","28","Красногорский"
"1387","28","Дебесский"
"1388","23","Юсьвинский"
"1389","47","Надеждинский"
"1390","65","Хомутовский"
"1391","15","Кимрский"
"1392","11","Спасский"
"1393","24","Качугский"
"1394","73","Юргинский"
"1395","67","Тарбагатайский"
"1396","67","Иволгинский"
"1397","46","Чекмагушевский"
"1398","59","Исилькульский"
"1399","45","Сердобский"
"1400","30","Шемуршинский"
"1401","11","Сокольский"
"1402","6","Кинель-Черкасский"
"1403","20","Михайловский"
"1404","52","Искитимский"
"1405","22","Тарусский"
"1406","61","Островский"
"1407","15","Зубцовский"
"1408","75","Токаревский"
"1409","75","Мучкапский"
"1410","59","Калачинский"
"1411","20","Быковский"
"1412","48","Лебяжский"
"1413","28","Ярский"
"1414","70","Темниковский"
"1415","18","Воскресенский"
"1416","18","Лысогорский"
"1417","22","Сухиничский"
"1418","76","Дзун-Хемчикский"
"1419","12","Кытмановский"
"1420","23","Частинский"
"1421","11","Семеновский"
"1422","23","Очерский"
"1423","25","Матвеевский"
"1424","9","Андроповский"
"1425","25","Соль-Илецкий"
"1426","46","Белебеевский"
"1427","45","Никольский"
"1428","54","Аромашевский"
"1429","4","Выселковский"
"1430","4","Мостовский"
"1431","75","Уваровский"
"1432","43","Невельский"
"1433","52","Барабинский"
"1434","40","Смоленский"
"1435","52","Болотнинский"
"1436","28","Сарапульский"
"1437","35","Корсаковский"
"1438","22","Куйбышевский"
"1439","24","Ангарский"
"1440","12","Крутихинский"
"1441","28","Каракулинский"
"1442","6","Большеглушицкий"
"1443","5","Сабинский"
"1444","73","Яшкинский"
"1445","73","Прокопьевский"
"1446","41","Казбековский"
"1447","70","Ельниковский"
"1448","70","Ардатовский"
"1449","70","Большеигнатовский"
"1450","52","Мошковский"
"1451","51","Вяземский"
"1452","52","Маслянинский"
"1453","73","Новокузнецкий"
"1454","46","Балтачевский"
"1455","67","Прибайкальский"
"1456","38","Родионово-Несветайский"
"1457","12","Тогульский"
"1458","80","Майский"
"1459","80","Чегемский"
"1460","80","Лескенский"
"1461","27","Забайкальский"
"1462","76","Тоджинский"
"1463","24","Иркутский"
"1464","43","Корсаковский"
"1465","2","Манский"
"1466","28","Сюмсинский"
"1467","56","Шегарский"
"1468","76","Тере-Хольский"
"1469","47","Уссурийский"
"1470","59","Нововаршавский"
"1471","11","Ветлужский"
"1472","59","Любинский"
"1473","31","Юринский"
"1474","48","Кикнурский"
"1475","31","Мари-Турекский"
"1476","31","Килемарский"
"1477","51","Нанайский"
"1478","23","Пермский"
"1479","59","Горьковский"
"1480","59","Москаленский"
"1481","59","Кормиловский"
"1482","31","Волжский"
"1483","40","Угранский"
"1484","48","Малмыжский"
"1485","48","Белохолуницкий"
"1486","73","Промышленновский"
"1487","28","Селтинский"
"1488","5","Дрожжановский"
"1489","5","Рыбно-Слободский"
"1490","76","Бай-Тайгинский"
"1491","50","Шебалинский"
"1492","60","Ярославский"
"1493","54","Ялуторовский"
"1494","46","Абзелиловский"
"1495","6","Камышлинский"
"1496","11","Ковернинский"
"1497","59","Марьяновский"
"1498","81","Шовгеновский"
"1499","6","Хворостянский"
"1500","46","Белокатайский"
"1501","23","Нытвенский"
"1502","34","Добринский"
"1503","5","Чистопольский"
"1504","46","Татышлинский"
"1505","4","Абинский"
"1506","49","Богдановичский"
"1507","4","Апшеронский"
"1508","32","Сокольский"
"1509","46","Мишкинский"
"1510","72","Пыталовский"
"1511","76","Овюрский"
"1512","51","Ванинский"
"1513","49","Сухоложский"
"1514","46","Дюртюлинский"
"1515","34","Усманский"
"1516","36","Арсеньевский"
"1517","81","Красногвардейский"
"1518","69","Альменевский"
"1519","59","Шербакульский"
"1520","59","Одесский"
"1521","59","Тюкалинский"
"1522","59","Саргатский"
"1523","59","Азовский Немецкий Национальный"
"1524","46","Благоварский"
"1525","15","Лихославльский"
"1526","15","Рамешковский"
"1527","15","Конаковский"
"1528","15","Торжокский"
"1529","23","Карагайский"
"1530","46","Альшеевский"
"1531","30","Яльчикский"
"1532","21","Мглинский"
"1533","55","Ульяновский"
"1534","55","Кузоватовский"
"1535","5","Тетюшский"
"1536","42","Путятинский"
"1537","23","Верещагинский"
"1538","26","Верхнеуральский"
"1539","25","Новосергиевский"
"1540","2","Идринский"
"1541","63","Кировский"
"1542","14","Крестецкий"
"1543","11","Большеболдинский"
"1544","72","Плюсский"
"1545","25","Акбулакский"
"1546","69","Макушинский"
"1547","14","Старорусский"
"1548","65","Железногорский"
"1549","36","Белевский"
"1550","48","Орловский"
"1551","5","Алексеевский"
"1552","25","Светлинский"
"1553","6","Исаклинский"
"1554","68","Селивановский"
"1555","7","Кольский"
"1556","28","Киясовский"
"1557","11","Краснобаковский"
"1558","18","Саратовский"
"1559","47","Октябрьский"
"1560","65","Мантуровский"
"1561","76","Каа-Хемский"
"1562","38","Мясниковский"
"1563","75","Мордовский"
"1564","28","Вавожский"
"1565","28","Завьяловский"
"1566","28","Граховский"
"1567","28","Кизнерский"
"1568","2","Тюхтетский"
"1569","31","Параньгинский"
"1570","11","Княгининский"
"1571","42","Захаровский"
"1572","2","Емельяновский"
"1573","40","Темкинский"
"1574","72","Дновский"
"1575","69","Варгашинский"
"1576","69","Шатровский"
"1577","23","Большесосновский"
"1578","4","Усть-Лабинский"
"1579","4","Крыловский"
"1580","26","Карталы"
"1581","46","Давлекановский"
"1582","4","Староминский"
"1583","44","Прионежский"
"1584","6","Богатовский"
"1585","22","Ульяновский"
"1586","56","Асиновский"
"1587","46","Архангельский"
"1588","44","Кондопожский"
"1589","76","Улуг-Хемский"
"1590","45","Бессоновский"
"1591","67","Окинский"
"1592","54","Бердюжский"
"1593","18","Советский"
"1594","6","Алексеевский"
"1595","13","Смидовичский"
"1596","5","Тюлячинский"
"1597","11","Лысковский"
"1598","11","Вачский"
"1599","5","Высокогорский"
"1600","69","Белозерский"
"1601","11","Сосновский"
"1602","9","Новоселицкий"
"1603","68","Кольчугинский"
"1604","46","Краснокамский"
"1605","68","Муромский"
"1606","34","Чаплыгинский"
"1607","31","Советский"
"1608","78","Севастополь"
"1609","4","Белоглинский"
"1610","4","Новопокровский"
"1611","6","Волжский"
"1612","46","Кушнаренковский"
"1613","46","Иглинский"
"1614","65","Курский"
"1615","65","Тимский"
"1616","65","Поныровский"
"1617","65","Льговский"
"1618","65","Щигровский"
"1619","65","Обоянский"
"1620","65","Фатежский"
"1621","49","Белоярский"
"1622","46","Бураевский"
"1623","26","Миасс"
"1624","26","Саткинский"
"1625","4","Темрюкский"
"1626","34","Добровский"
"1627","81","Теучежский"
"1628","63","Выборгский"
"1629","78","Ялта"
"1630","45","Пензенский"
"1631","40","Кардымовский"
"1632","22","Дзержинский"
"1633","5","Лаишевский"
"1634","6","Ставропольский"
"1635","65","Октябрьский"
"1636","63","Ломоносовский"
"1637","36","Одоевский"
"1638","35","Болховский"
"1639","46","Янаульский"
"1640","46","Нуримановский"
"1641","38","Аксайский"
"1642","60","Мышкинский"
"1643","55","Новомалыклинский"
"1644","73","Гурьевский"
"1645","5","Пестречинский"
"1646","5","Атнинский"
"1647","24","Шелеховский"
"1648","75","Первомайский"
"1649","50","Майминский"
"1650","46","Уфимский"
"1651","23","Оханский"
"1652","35","Знаменский"
"1653","66","Полесский"
"1654","40","Монастырщинский"
"1655","66","Гвардейский"
"1656","36","Дубенский"
"1657","49","Сысертский"
"1658","24","Слюдянский"
"1659","78","Феодосия"
"1660","5","Тукаевский"
"1661","75","Староюрьевский"
"1662","63","Волосовский"
"1663","19","Каширский"
"1664","19","Нижнедевицкий"
"1665","61","Красносельский"
"1666","19","Новоусманский"
"1667","74","Комсомольский"
"1668","53","Джейрахский"
"1669","31","Оршанский"
"1670","82","Курортный"
"1671","79","Гудермесский"
"1672","19","Семилукский"
"1673","72","Печорский"
"1674","65","Горшеченский"
"1675","78","Бахчисарайский"
"1676","70","Атяшевский"
"1677","81","Кошехабльский"
"1678","22","Мосальский"
"1679","35","Мценский"
"1680","40","Демидовский"
"1681","40","Руднянский"
"1682","67","Тункинский"
"1683","40","Духовщинский"
"1684","72","Опочецкий"
"1685","72","Стругокрасненский"
"1686","35","Новосильский"
"1687","32","Усть-Кубинский"
"1688","47","Лесозаводский"
"1689","6","Красноярский"
"1690","75","Сосновский"
"1691","41","Кизилюртовский"
"1692","38","Куйбышевский"
"1693","79","Надтеречный"
"1694","79","Сунженский"
"1695","49","Алапаевск"
"1696","60","Некрасовский"
"1697","26","Пластовский"
"1698","46","Калтасинский"
"1699","46","Ермекеевский"
"1700","25","Северный"
"1701","11","Павловский"
"1702","22","Барятинский"
"1703","78","Алушта"
"1704","4","Северский"
"1705","75","Уметский"
"1706","74","Лухский"
"1707","20","Светлоярский"
"1708","75","Петровский"
"1709","74","Верхнеландеховский"
"1710","49","Ивдель"
"1711","30","Шумерлинский"
"1712","30","Порецкий"
"1713","4","Белореченский"
"1714","46","Ишимбайский"
"1715","31","Медведевский"
"1716","35","Шаблыкинский"
"1717","20","Среднеахтубинский"
"1718","78","Судакский"
"1719","44","Пряжинский"
"1720","81","Майкопский"
"1721","38","Багаевский"
"1722","25","Оренбургский"
"1723","75","Сампурский"
"1724","22","Мещовский"
"1725","6","Елховский"
"1726","36","Ленинский"
"1727","11","Богородский"
"1728","41","Каякентский"
"1729","12","Ельцовский"
"1730","80","Терский"
"1731","72","Локнянский"
"1732","32","Сямженский"
"1733","45","Нижнеломовский"
"1734","4","Калининский"
"1735","78","Раздольненский"
"1736","74","Лежневский"
"1737","79","Урус-Мартановский"
"1738","78","Симферопольский"
"1739","6","Кошкинский"
"1740","70","Чамзинский"
"1741","79","Грозненский"
"1742","66","Багратионовский"
"1743","31","Новоторъяльский"
"1744","70","Кочкуровский"
"1745","63","Волховский"
"1746","5","Бавлинский"
"1747","72","Палкинский"
"1748","79","Ачхой-Мартановский"
"1749","14","Новгородский"
"1750","36","Узловский"
"1751","76","Чеди-Хольский"
"1752","21","Красногорский"
"1753","77","Правобережный"
"1754","72","Дедовичский"
"1755","74","Гаврилово-Посадский"
"1756","37","Октябрьский"
"1757","35","Дмитровский"
"1758","63","Сланцевский"
"1759","20","Городищенский"
"1760","35","Залегощенский"
"1761","37","Малодербетовский"
"1762","68","Собинский"
"1763","23","Кишертский"
"1764","14","Парфинский"
"1765","48","Фаленский"
"1766","73","Яйский"
"1767","79","Веденский"
"1768","74","Шуйский"
"1769","40","Хиславичский"
"1770","72","Порховский"
"1771","45","Кондольский"
"1772","7","Кандалакшский"
"1773","76","Монгун-Тайгинский"
"1774","73","Ижморский"
"1775","4","Ейский"
"1776","66","Озерский"
"1777","72","Новосокольнический"
"1778","11","Навашинский"
"1779","38","Кагальницкий"
"1780","19","Ольховатский"
"1781","76","Тандинский"
"1782","23","Березовский"
"1783","9","Кировский"
"1784","4","Тихорецкий"
"1785","4","Анапский"
"1786","79","Итум-Калинский"
"1787","4","Тимашевский"
"1788","55","Сенгилеевский"
"1789","35","Кромской"
"1790","77","Дигорский"
"1791","42","Пронский"
"1792","75","Знаменский"
"1793","28","Юкаменский"
"1794","35","Хотынецкий"
"1795","63","Тихвинский"
"1796","72","Пустошкинский"
"1797","14","Чудовский"
"1798","9","Изобильненский"
"1799","12","Новичихинский"
"1800","11","Володарский"
"1801","22","Износковский"
"1802","79","Наурский"
"1803","25","Беляевский"
"1804","11","Борский"
"1805","23","Краснокамский"
"1806","81","Гиагинский"
"1807","46","Буздякский"
"1808","35","Урицкий"
"1809","22","Козельский"
"1810","6","Шигонский"
"1811","74","Савинский"
"1812","5","Менделеевский"
"1813","70","Ромодановский"
"1814","72","Красногородский"
"1815","14","Солецкий"
"1816","74","Фурмановский"
"1817","72","Великолукский"
"1818","45","Лунинский"
"1819","36","Плавский"
"1820","76","Сут-Хольский"
"1821","23","Добрянский"
"1822","35","Троснянский"
"1823","35","Колпнянский"
"1824","77","Ардонский"
"1825","60","Большесельский"
"1826","79","Шалинский"
"1827","63","Пушкинский"
"1828","82","Пушкинский"
"1829","82","Павловский"
"1830","74","Ивановский"
"1831","74","Вичугский"
"1832","74","Пестяковский"
"1833","73","Топкинский"
"1834","69","Кетовский"
"1835","81","Тахтамукайский"
"1836","76","Кызылский"
"1837","63","Санкт-Петербург"
"1838","82","Кронштадтский"
"1839","82","Колпинский"
"1840","82","Приморский"
"1841","82","Петродворцовый"
"1842","34","Липецкий"
"1843","26","Еманжелинский"
"1844","84","Мытищинский"
"1845","84","Наро-Фоминский"
"1846","84","Солнечногорский"
"1847","84","Коломенский"
"1848","84","Истринский"
"1849","84","Красногорский"
"1850","84","Пушкинский"
"1851","84","Балашихинский"
"1852","84","Люберецкий"
"1853","84","Воскресенский"
"1854","84","Луховицкий"
"1855","84","Домодедовский"
"1856","84","Серпуховский"
"1857","84","Одинцовский"
"1858","84","Павлово-Посадский"
"1859","84","Ногинский"
"1860","84","Можайский"
"1861","84","Раменский"
"1862","84","Талдомский"
"1863","84","Ленинский"
"1864","84","Волоколамский"
"1865","84","Клинский"
"1866","84","Орехово-Зуевский"
"1867","84","Дмитровский"
"1868","84","Рузский"
"1869","84","Егорьевский"
"1870","84","Ступинский"
"1871","84","Зарайский"
"1872","84","Каширский"
"1873","84","Шатурский"
"1874","84","Химкинский"
"1875","84","Подольский"
"1876","84","Шаховской"
"1877","84","Сергиево-Посадский"
"1878","84","Щелковский"
"1879","84","Лотошинский"
"1880","84","Чеховский"
"1881","84","Озерский"
"1882","84","Серебряно-Прудский"
"1883","84","Москва"
"1884","80","Баксанский"
"1885","80","Урванский"
"1886","80","Зольский"
"1887","80","Черекский"
"1888","14","Волотовский"
"1889","11","Балахнинский"
"1890","11","Большемурашкинский"
"1891","73","Междуреченский"
"1892","4","Новороссийск"
"1893","36","Новомосковский"
"1894","53","Назрановский"
"1895","77","Пригородный"
"1896","25","Новоорский"
"1897","23","Уинский"
"1898","23","Ординский"
"1899","45","Иссинский"
"1900","9","Предгорный"
"1901","9","Пятигорский"
"1902","42","Старожиловский"
"1903","6","Нефтегорский"
"1904","11","Первомайский"
"1905","78","Евпатория"
"1906","40","Дорогобужский"
"1907","40","Велижский"
"1908","51","Советско-Гаванский"
"1909","70","Лямбирский"
"1910","70","Ичалковский"
"1911","70","Инсарский"
"1912","70","Старошайговский"
"1913","49","Березовский"
"1914","75","Рассказовский"
"1915","75","Бондарский"
"1916","36","Тульский"
"1917","15","Тверь"
"1918","39","Ухтинский"
"1919","46","Благовещенский"
"1920","55","Цильнинский"
"1921","39","Усинский"
"1922","11","Выксунский"
"1923","39","Воркутинский"
"1924","72","Куньинский"
"1925","68","Владимир"
